{
  "name": "ASIC Design Flow",
  "tools": [
    {
      "id": "cadence-nc-sim",
      "name": "Cadence NC-Sim",
      "version": "08.20-s029",
      "functionality": {
        "description": "The tool compiles and simulates RTL design provided in a Verilog/VHDL file format.",
        "notes": "Functionality of Verilog RTL is verified using testbench. Verilog testbench file describes detailed information about which test vector to apply and how to apply."
      },
      "options": [
        {
          "id": "cadence-option-1",
          "description": "Compiler Optimizations",
          "purpose": "Use to increase simulation speed. (May reduce debugging visibility)",
          "notes": "The tool applies a variety of optimizations: merging processes, pulling constants out of loops, clock suppression, and signal collapsing."
        }
      ]
    },
    {
      "id": "synopsys-design-compiler",
      "name": "Synopsys Design Compiler",
      "version": "K-2015.06-SP5-5",
      "functionality": {
        "description": "Synthesis is used to derive a gate-level design for the given RTL design. Synthesis involves instantiation of appropriate primitive entities, for example, logic gates and flip-flops, which are in technology libraries.",
        "notes": "Design constraints (timing, area, and power) are also provided by the user."
      },
      "options": [
        {
          "id": "synopsys-op1",
          "description": "Optimization goal",
          "purpose": "Use to optimize power and area."
        },
        {
          "id": "synopsys-op2",
          "description": "Optimization effort",
          "purpose": "Use to adjust the level of effort towards optimization goal."
        }
      ]
    },
    {
      "id": "cadence-encounter-conformal",
      "name": "Cadence Encounter Conformal",
      "version": "11.10-s440",
      "functionality": {
        "description": "Check Verilog RTL file and Verilog netlist file for their logically equivalence"
      }
    },
    {
      "id": "cadence-innovus",
      "name": "Cadence Innovus",
      "notes": "Innovus is a new version of Encounter.",
      "version": "16.20",
      "functionality": {
        "description": "Transfer structural design (gate-level netlist) into a layout via placement and routing."
      },
      "options": [
        {
          "id": "ce-op1",
          "description": "Optimization effort",
          "purpose": "Use to adjust the level of effort towards place and route optimization"
        }
      ]
    },
    {
      "id": "synopsys-primetime",
      "name": "Synopsys PrimeTime",
      "version": "L-2016.06-SP1",
      "functionality": {
        "description": "Analyzes all possible paths through the circuit."
      },
      "options": [
        {
          "id": "sp-op1",
          "description": "TBD",
          "purpose": "TBD"
        }
      ]
    },
    {
      "id": "mentor-calibre",
      "name": "Mentor Calibre",
      "notes": "We have no access to this tool at this time.",
      "version": "TBD",
      "functionality": {
        "description": "Checks DRC and LVS whether layout conforms to Fab PDK."
      },
      "options": [
        {
          "id": "mc-op1",
          "description": "TBD",
          "purpose": "TBD"
        }
      ]
    }
  ],
  "files": [
    {
      "id": "stage1-infile1",
      "content": "RTL design",
      "format": "Verilog/VHDL",
      "description": "Includes modules with input/output list, instantiated modules, wires, registers, always blocks, etc. It must be written as synthesizable Verilog.",
      "notes": "Hardware Description Languages (HDL) – Verilog and VHDL – are used to describe the structure and behavior using a language standardized by IEEE. As long as the same version of HDL is used, every simulator would produce the same response.",
      "link": "file:///sync_mult.v"
    },
    {
      "id": "stage1-infile2",
      "content": "Testbench",
      "format": "Verilog/VHDL",
      "description": "Includes clock generation, instantiated modules, input stimuli for the instantiated modules, order of execution of input stimuli using delay statements, test cases (with corner cases), etc.",
      "notes": "Testbench file is not restricted to be synthesizable. Typically testbench file does not contain test cases, but refers to an external file, which contains test vectors and corresponding golden responses.",
      "link": "file:///tb_sync_mult.v"
    },
    {
      "id": "stage1-infile3",
      "content": "Test scripts (optional)",
      "format": "Scripting language for the OS (e.g., csh, *.bat, etc.",
      "description": "Includes functions to apply inputs, simulate, compare, and report.",
      "notes": "Designed to automate testing process by enabling simulation for a circuit and a testbench for multiple vectors files, each containing a different set of test cases."
    },
    {
      "id": "stage1-outfile1",
      "content": "Verified RTL design",
      "format": "Verilog/VHDL",
      "description": "The same as input file1 if simulation passed.",
      "notes": "Includes modules with input/output list, instantiated modules, wires, registers, always blocks, etc. It must be written as synthesizable Verilog.",
      "link": "file:///sync_mult.v"
    },
    {
      "id": "stage1-out1",
      "content": "Compile errors",
      "format": "Text",
      "description": "Reports compile errors on [[stage1-infile1]] or [[stage1-infile2]]."
    },
    {
      "id": "stage1-out2",
      "content": "Test reports",
      "format": "Text",
      "description": "Reports mismatches between RTL response produced by simulation and the golden response."
    },
    {
      "id": "stage2-infile2",
      "content": "Design constraints",
      "format": "Tool Command Language (Tcl)",
      "description": "It defines clocks, loading, timing, and sets design rule constraints."
    },
    {
      "id": "stage2-infile3",
      "content": "Technology libraries",
      "format": "Binary file (e.g., *.db)",
      "description": "It's compiled from library file (*.lib), which specifies what cells are in the library, their functions, pin names, timing/power characteristics.",
      "link": "file:///gscl45nm.db"
    },
    {
      "id": "stage2-outfile1",
      "content": "Gate-level netlist",
      "format": "Verilog/VHDL",
      "description": "Gate level design that includes elements from libraries (e.g., gates, flip-flops, a list of nets, their delays, etc.).",
      "link": "file:///sync_mult.syn.v"
    },
    {
      "id": "stage2-outfile2",
      "content": "Design constraints",
      "format": "synopsys Design Constraints (SDC)",
      "description": "Timing information of the elements from libraries presented in the netlist file. It's used by {{stage4-place-and-route}}.",
      "notes": "As long as constraint syntax and arguments conform to the Tcl syntax rules that SDC follows, user will accept the SDC file.",
      "link": "file:///sync_mult.sdc"
    },
    {
      "id": "stage2-outfile3",
      "content": "Synthesis Reports",
      "format": "Text file",
      "description": "It includes design hierarchy, area, timing, critical path highlighting, etc.",
      "link": "file:///sync_mult.area"
    },
    {
      "id": "stage3-outfile1",
      "content": "Mapped points",
      "format": "Text file",
      "description": "It includes the statistical information of matched, mapped, and compared points."
    },
    {
      "id": "stage3-outfile2",
      "content": "Gate-level netlist",
      "format": "Verilog/VHDL",
      "description": "The same as stage2-outfile1 if LEC passed.",
      "notes": "Gate level design that includes elements from libraries (e.g., gates, flip-flops, a list of nets, their delays, etc.)",
      "link": "file:///sync_mult.syn.v"
    },
    {
      "id": "stage3-rep1",
      "content": "Visual outputs",
      "format": "Visual outputs",
      "description": "Visual outputs if LEC fails: logic cones, signal patterns, etc."
    },
    {
      "id": "stage4-infile2",
      "content": "Foundry Rule Decks",
      "format": "DRC and LVS",
      "description": "These specifies foundry rule deck, foundry tech files, etc."
    },
    {
      "id": "stage4-infile3",
      "content": "GDS",
      "format": "Graphical Database System (GDS)",
      "description": "GDS is the industry standard for data exchange of IC layout artwork. It represents planar geometric shapes, text labels, and other information about the layout in hierarchical form."
    },
    {
      "id": "stage4-infile4",
      "content": "Technology libraries",
      "format": "Library Exchange Format (LEF, ASCII data format)",
      "description": "Includes the design rules for routing and the abstract of the cells, no information about the internal netlist of the cells.",
      "link": "file://gscl45nm.lef"
    },
    {
      "id": "stage4-infile5",
      "content": "GDS Map",
      "format": "Text",
      "description": "Includes mapping information of GDS.",
      "link": "file://gds2_encounter.map"
    },
    {
      "id": "stage4-outfile1",
      "content": "Post-route netlist",
      "format": "Verilog/VHDL",
      "description": "It is a netlist of the design mapped to technology-specific primitives. It is created from the routed design and supported by the SDF file.",
      "link": "file:///sync_mult.vo.v"
    },
    {
      "id": "stage4-outfile2",
      "content": "Delay information",
      "format": "Standard Delay Format (SDF)",
      "description": "SDF is a text file that contains the instance names and delay parameters for each technology library primitive and routing element specific to the design. The SDF is used to back-annotate delays into the Verilog post-route netlist file.",
      "link": "file:///sync_mult.sdf"
    },
    {
      "id": "stage4-outfile3",
      "content": "Parasitic information",
      "format": "Standard Parasitic Format (SPF)",
      "description": "SPF is a text file that contains parasitic data (resistance and capacitance) of wires in the design.",
      "link": "file:///sync_mult.spf"
    },
    {
      "id": "stage4-outfile4",
      "content": "Layout",
      "format": "Graphical Database System (GDS)",
      "description": "GDS is the industry standard for data exchange of IC layout artwork. It represents planar geometric shapes, text labels, and other information about the layout in hierarchical form.",
      "notes": "Once successfully placed and routed, we can see all the instantiated standard cells and routed metals of the physical implementation.",
      "link": "file:///sync_mult.gds"
    },
    {
      "id": "stage4-outfile5",
      "content": "GDS Map",
      "format": "Text",
      "description": "Includes mapping information of GDS.",
      "link": "file:///sync_mult.gdsmap.map"
    },
    {
      "id": "stage4-out1",
      "content": "Place and Route report",
      "format": "Text",
      "description": "It Includes information of geometry, metal density, connectivity, violation, etc.",
      "link": "file:///sync_mult.stage4.summaryreport.rpt"
    },
    {
      "id": "stage4-out2",
      "content": "Geometry report",
      "format": "Text",
      "description": "It Includes information of geometry violations - cells, same net, wiring, etc.",
      "link": "file:///sync_mult.stage4.geom.rpt",
      "report": true
    },
    {
      "id": "stage4-out3",
      "content": "Connectivity report",
      "format": "Text",
      "description": "It Includes information of connectivity violations.",
      "link": "file:///sync_mult.stage4.conn.rpt",
      "report": true
    },
    {
      "id": "stage5-infile2",
      "content": "Testbench",
      "format": "Verilog/VHDL",
      "description": "Includes clock generation, instantiated modules, input stimuli for the instantiated modules, order of execution of input stimuli using delay statements, test cases (with corner cases), etc.",
      "notes": "Testbench file is basically same as [[stage1-infile2]] of {{stage1-verilog-simulation}}. Only difference is that back annotation (in Verilog, $sdf_annotate) is added to support the infile1.",
      "link": "file:///tb_sync_mult_pnr.v"
    },
    {
      "id": "stage5-infile5",
      "content": "Test scripts (optional)",
      "format": "Scripting language for the OS (e.g., csh, *.bat, etc.)",
      "description": "Includes functions to apply inputs, simulate, compare, and report.",
      "notes": "Designed to automate testing process by enabling simulation for a circuit and a testbench for multiple vectors files, each containing a different set of test cases."
    },
    {
      "id": "stage5-outfile1",
      "content": "Verified post-route netlist",
      "format": "Verilog/VHDL",
      "description": "The same as input file1 if simulation passed.",
      "link": "file:///sync_mult.vo.v"
    },
    {
      "id": "stage5-out1",
      "content": "Test reports",
      "format": "Text",
      "description": "Reports mismatches between RTL response produced by simulation and the golden response"
    },
    {
      "id": "stage6-outfile1",
      "content": "LEC-passed post-route netlist",
      "format": "Verilog/VHDL",
      "description": "The same as lec-infile2 if LEC passed.",
      "notes": "It is a netlist of the design mapped to technology-specific primitives. It is created from the routed design and supported by the SDF file.",
      "link": "file:///sync_mult.vo.v"
    },
    {
      "id": "stage6-rep1",
      "content": "Visual outputs",
      "format": "Visual outputs",
      "description": "Visual outputs if LEC fails: logic cones, signal patterns, etc."
    },
    {
      "id": "stage6-rep2",
      "content": "Mapped points",
      "format": "Text",
      "description": "It includes the statistical information of matched, mapped, and compared points."
    },
    {
      "id": "stage7-infile3",
      "content": "Scripts for Timing Analysis",
      "format": "Tool Command Language (Tcl)",
      "description": "It defines the search path, the link, the library, the PrimeTime variables and commands for chip variation strategy."
    },
    {
      "id": "stage7-rep1",
      "content": "Timing Report",
      "format": "Text",
      "description": "It reports critical paths and timing violations."
    },
    {
      "id": "stage7-rep2",
      "content": "Path Slack Histogram",
      "format": "Graph",
      "description": "Histogram consists of path slacks to easily capture a distribution of path slacks."
    },
    {
      "id": "stage8-infile3",
      "content": "Scan Def file",
      "format": "TBD",
      "description": "Specifies design and scanning of chip in test mode."
    },
    {
      "id": "stage8-outfile1",
      "content": "Verified Layout",
      "format": "Graphical Database System (GDS)",
      "description": "The same as [[stage4-infile4]] if DRC and LVS passed.",
      "link": "file:///sync_mult.gds"
    },
    {
      "id": "stage8-rep1",
      "content": "DRC Report",
      "format": "Text",
      "description": "Reports the results of DRC."
    },
    {
      "id": "stage8-rep2",
      "content": "LVS Report",
      "format": "Text",
      "description": "Reports the results of LVS."
    }
  ],
  "stages": [
    {
      "id": "stage1-verilog-simulation",
      "name": "Verilog/VHDL simulation",
      "tool": {
        "tool-id": "cadence-nc-sim",
        "option-control-module": [
          {
            "id": "versim-rule1",
            "description": "Compiler Optimization (-O0)",
            "purpose": "To increase debugging visibility (maximum)",
            "notes": "Command line option for maximum debugging visibility and minimum simulation speed."
          },
          {
            "id": "versim-rule2",
            "description": "Compiler Optimization (-O1)",
            "purpose": "To increase debugging visibility (high)",
            "notes": "High debugging visibility and low simulation speed."
          },
          {
            "id": "versim-rule3",
            "description": "Compiler Optimization (-O2)",
            "purpose": "To increase debugging visibility (medium)",
            "notes": "Medium high debugging visibility and medium low simulation speed."
          },
          {
            "id": "versim-rule4",
            "description": "Compiler Optimization (-O3)",
            "purpose": "To increase simulation speed (medium)",
            "notes": "Medium low debugging visibility and medium high simulation speed."
          },
          {
            "id": "versim-rule5",
            "description": "Compiler Optimization (-O4)",
            "purpose": "To increase simulation speed (high)",
            "notes": "Low debugging visibility and high simulation speed."
          },
          {
            "id": "versim-rule6",
            "description": "Compiler Optimization (-O5)",
            "purpose": "To increase simulation speed (maximum)",
            "notes": "Minimum debugging visibility and maximum simulation speed."
          }
        ]
      },
      "inputs": {
        "files": [
          {
            "id": "stage1-infile1",
            "provided-by": "User"
          },
          {
            "id": "stage1-infile2",
            "provided-by": "User"
          },
          {
            "id": "stage1-infile3",
            "optional": true,
            "provided-by": "User"
          }
        ]
      },
      "outputs": {
        "files": [
          {
            "id": "stage1-outfile1",
            "report": false
          },
          {
            "id": "stage1-out1",
            "report": true
          },
          {
            "id": "stage1-out2",
            "report": true
          }
        ]
      },
      "flow-control": [
        {
          "id": "stage1-flow1",
          "condition": "Error",
          "route-to": "User",
          "description": "Compile error. User debugs the RTL design by analyzing stage1-out1 until there are no compile errors. Otherwise, we can proceed to simulation step."
        },
        {
          "id": "stage1-flow2",
          "condition": "Error",
          "route-to": "User",
          "description": "Mismatch between RTL response and golden response. User debugs the RTL design with stage1-out2 information. Otherwise we will have a verified RTL design."
        },
        {
          "id": "stage1-flow3",
          "condition": "Success",
          "route-to": "stage2-logic-synthesizer",
          "description": "Proceed to the next stage when [[stage1-out1]] and [[stage1-out2]] are resolved."
        }
      ]
    },
    {
      "id": "stage2-logic-synthesizer",
      "name": "Logic synthesizer",
      "tool": {
        "tool-id": "synopsys-design-compiler",
        "option-control-module": [
          {
            "id": "synopsys-rule1",
            "description": "Optimizations",
            "purpose": "To optimize power and area",
            "notes": "Use op1 for involving power and area optimization; Use op2 to adjust the effort level."
          }
        ]
      },
      "inputs": {
        "files": [
          {
            "id": "stage1-outfile1",
            "provided-by": "User"
          },
          {
            "id": "stage2-infile2",
            "provided-by": "User"
          },
          {
            "id": "stage2-infile3",
            "provided-by": "Vendor"
          }
        ]
      },
      "outputs": {
        "files": [
          {
            "id": "stage2-outfile1",
            "report": false
          },
          {
            "id": "stage2-outfile2",
            "report": false
          },
          {
            "id": "stage2-outfile3",
            "report": false
          }
        ]
      },
      "flow-control": [
        {
          "id": "stage2-flow1",
          "condition": "Error",
          "route-to": "User",
          "description": "Error message not synthesizable RTL design. The user needs to modify the RTL design and redo {{stage1-verilog-simulation}}."
        },
        {
          "id": "stage2-flow2",
          "condition": "Error",
          "route-to": "User",
          "description": "Error message dues to aggressive optimization effort (op2). User needs to relax the constraints and repeat this stage."
        },
        {
          "id": "stage2-flow3",
          "condition": "Success",
          "route-to": "stage3-lec",
          "description": "Proceed to the next stage."
        }
      ]
    },
    {
      "id": "stage3-lec",
      "name": "Logic Equivalence Check (LEC)",
      "tool": {
        "tool-id": "cadence-encounter-conformal"
      },
      "inputs": {
        "files": [
          {
            "id": "stage1-outfile1",
            "provided-by": "User"
          },
          {
            "id": "stage2-outfile1",
            "provided-by": "User"
          },
          {
            "id": "stage2-infile3",
            "provided-by": "User"
          }
        ]
      },
      "outputs": {
        "files": [
          {
            "id": "stage3-outfile1",
            "report": false
          },
          {
            "id": "stage3-outfile2",
            "report": false
          },
          {
            "id": "stage3-rep1",
            "report": true
          }
        ]
      },
      "flow-control": [
        {
          "id": "stage3-flow1",
          "condition": "Error",
          "route-to": "User",
          "description": "Error message dues to library fails. User needs to replace the failing library with the alternative library and repeat this stage."
        },
        {
          "id": "stage3-flow2",
          "condition": "Error",
          "route-to": "User",
          "description": "Error message dues to aggressive synthesis constraints. User needs to relax the constraints and restart {{stage2-logic-synthesizer}}."
        },
        {
          "id": "stage3-flow3",
          "condition": "Success",
          "route-to": "stage4-place-and-route",
          "description": "Proceed to the next stage."
        }
      ]
    },
    {
      "id": "stage4-place-and-route",
      "name": "Place and Route",
      "tool": {
        "tool-id": "cadence-innovus",
        "option-control-module": [
          {
            "id": "stage4-rule1",
            "description": "Timing driven placement (-timedriven)",
            "purpose": "To target wires on timing critical paths",
            "notes": "Command line option for making targeted wires shorter during placement. While the delay on critical paths decreases, other paths may become critical."
          },
          {
            "id": "stage4-rule2",
            "description": "Congestion optimization (-doCongOpt)",
            "purpose": "To ease congestion",
            "notes": "Command line option for easing congestion."
          },
          {
            "id": "stage4-rule3",
            "description": "Timing optimization (-lowEffort)",
            "purpose": "To increase timing (low)",
            "notes": "Command line option for timing optimization with low effort"
          },
          {
            "id": "stage4-rule4",
            "description": "Timing optimization (-mediumEffort)",
            "purpose": "To increase timing (medium)",
            "notes": "Command line option for timing optimization with medium effort"
          },
          {
            "id": "stage4-rule5",
            "description": "Timing optimization (-highEffort)",
            "purpose": "To increase timing (high)",
            "notes": "Command line option for timing optimization with high effort"
          }
        ]
      },
      "inputs": {
        "files": [
          {
            "id": "stage3-outfile2",
            "provided-by": "User"
          },
          {
            "id": "stage4-infile2",
            "provided-by": "Vendor"
          },
          {
            "id": "stage4-infile3",
            "provided-by": "Vendor"
          },
          {
            "id": "stage4-infile4",
            "provided-by": "Vendor"
          },
          {
            "id": "stage4-infile5",
            "provided-by": "Vendor"
          }
        ],
        "interaction": [
          {
            "id": "stage4-in1",
            "name": "Floorplan Specification"
          },
          {
            "id": "stage4-in2",
            "name": "Global net connections"
          },
          {
            "id": "stage4-in3",
            "name": "Power Planning"
          },
          {
            "id": "stage4-in4",
            "name": "Special Routing"
          },
          {
            "id": "stage4-in5",
            "name": "Placing Standard Cells"
          },
          {
            "id": "stage4-in6",
            "name": "Clock Tree Synthesis (CTS)"
          },
          {
            "id": "stage4-in7",
            "name": "Final Route"
          }
        ]
      },
      "outputs": {
        "files": [
          {
            "id": "stage4-outfile1",
            "report": false
          },
          {
            "id": "stage4-outfile2",
            "report": false
          },
          {
            "id": "stage4-outfile3",
            "report": false
          },
          {
            "id": "stage4-outfile4",
            "report": false
          },
          {
            "id": "stage4-outfile5",
            "report": false
          },
          {
            "id": "stage4-out1",
            "report": true
          },
          {
            "id": "stage4-out2",
            "report": true
          },
          {
            "id": "stage4-out3",
            "report": true
          }
        ]
      },
      "flow-control": [
        {
          "id": "stage4-flow1",
          "condition": "Error",
          "route-to": "User",
          "description": "Error message dues to library fails. User needs to replace the failing library with the alternative library and restart the flow at {{stage2-logic-synthesizer}} with the new library."
        },
        {
          "id": "stage4-flow2",
          "condition": "Error",
          "route-to": "User",
          "description": "Error message dues to aggressive optimization effort (stage4-op1). User needs to relax the constraints and repeat this stage."
        },
        {
          "id": "stage4-flow3",
          "condition": "Success",
          "route-to": "stage5-verilog-simulation",
          "description": "Proceed to the next stage."
        }
      ]
    },
    {
      "id": "stage5-verilog-simulation",
      "name": "Verilog/VHDL simulation",
      "tool": {
        "tool-id": "cadence-nc-sim",
        "option-control-module": [
          {
            "id": "stage5-rule1",
            "description": "Compiler Optimization (-O0)",
            "purpose": "To increase debugging visibility (maximum)",
            "notes": "Command line option for maximum debugging visibility and minimum simulation speed."
          },
          {
            "id": "stage5-rule2",
            "description": "Compiler Optimization (-O1)",
            "purpose": "To increase debugging visibility (high)",
            "notes": "High debugging visibility and low simulation speed."
          },
          {
            "id": "stage5-rule3",
            "description": "Compiler Optimization (-O2)",
            "purpose": "To increase debugging visibility (medium)",
            "notes": "Medium high debugging visibility and medium low simulation speed."
          },
          {
            "id": "stage5-rule4",
            "description": "Compiler Optimization (-O3)",
            "purpose": "To increase simulation speed (medium)",
            "notes": "Medium low debugging visibility and medium high simulation speed."
          },
          {
            "id": "stage5-rule5",
            "description": "Compiler Optimization (-O4)",
            "purpose": "To increase simulation speed (high)",
            "notes": "Low debugging visibility and high simulation speed."
          },
          {
            "id": "stage5-rule6",
            "description": "Compiler Optimization (-O5)",
            "purpose": "To increase simulation speed (maximum)",
            "notes": "Minimum debugging visibility and maximum simulation speed."
          }
        ]
      },
      "inputs": {
        "files": [
          {
            "id": "stage4-outfile1",
            "provided-by": "User"
          },
          {
            "id": "stage4-outfile2",
            "provided-by": "User"
          },
          {
            "id": "stage2-infile3",
            "provided-by": "User"
          },
          {
            "id": "stage5-infile2",
            "provided-by": "User"
          },
          {
            "id": "stage5-infile5",
            "optional": true,
            "provided-by": "User"
          }
        ]
      },
      "outputs": {
        "files": [
          {
            "id": "stage5-outfile1",
            "report": false
          },
          {
            "id": "stage5-out1",
            "report": true
          }
        ]
      },
      "flow-control": [
        {
          "id": "stage5-flow1",
          "condition": "Error",
          "route-to": "stage4-place-and-route",
          "description": "Mismatch between post-route netlist response and golden response. The tool performs place & route with the less aggressive option until the mismatch of [[stage5-out1]] in Stage 5 is resolved."
        },
        {
          "id": "stage5-flow2",
          "condition": "Success",
          "route-to": "stage6-lec",
          "description": "Proceed to the next stage."
        }
      ]
    },
    {
      "id": "stage6-lec",
      "name": "Logic Equivalence Check (LEC)",
      "tool": {
        "tool-id": "cadence-encounter-conformal"
      },
      "inputs": {
        "files": [
          {
            "id": "stage1-outfile1",
            "provided-by": "User"
          },
          {
            "id": "stage5-outfile1",
            "provided-by": "User"
          },
          {
            "id": "stage2-infile3",
            "provided-by": "User"
          }
        ]
      },
      "outputs": {
        "files": [
          {
            "id": "stage6-outfile1",
            "report": false
          },
          {
            "id": "stage6-rep1",
            "report": true
          },
          {
            "id": "stage6-rep2",
            "report": true
          }
        ]
      },
      "flow-control": [
        {
          "id": "stage6-flow1",
          "condition": "Error",
          "route-to": "User",
          "description": "Error message dues to library fails. User needs to replace the failing library with the alternative library and repeat this stage."
        },
        {
          "id": "stage6-flow2",
          "condition": "Error",
          "route-to": "User",
          "description": "Error message dues to aggressive place and route constraints. User needs to relax the constraints and restart {{stage4-place-and-route}}."
        },
        {
          "id": "stage6-flow3",
          "condition": "Success",
          "route-to": "stage7-timing-analysis",
          "description": "Proceed to the next stage."
        }
      ]
    },
    {
      "id": "stage7-timing-analysis",
      "name": "Timing Analysis",
      "tool": {
        "tool-id": "synopsys-primetime"
      },
      "inputs": {
        "files": [
          {
            "id": "stage6-outfile1",
            "provided-by": "User"
          },
          {
            "id": "stage4-outfile3",
            "provided-by": "User"
          },
          {
            "id": "stage7-infile3",
            "provided-by": "User"
          },
          {
            "id": "stage2-infile3",
            "provided-by": "User"
          }
        ]
      },
      "outputs": {
        "files": [
          {
            "id": "stage7-rep1",
            "report": true
          },
          {
            "id": "stage7-rep2",
            "report": true
          }
        ]
      },
      "flow-control": [
        {
          "id": "stage7-flow1",
          "condition": "Error",
          "route-to": "stage4-place-and-route",
          "description": "Timing Violation. The tool performs place & route with the less aggressive option until every timing violation of [[stage7-rep1]] or [[stage7-rep2]] in Stage 7 is resolved."
        },
        {
          "id": "stage7-flow2",
          "condition": "Success",
          "route-to": "stage8-backend-checks",
          "description": "Proceed to the next stage when out1 satisfies timing specification. "
        }
      ]
    },
    {
      "id": "stage8-backend-checks",
      "name": "Backend Checks",
      "tool": {
        "tool-id": "mentor-calibre"
      },
      "inputs": {
        "files": [
          {
            "id": "stage6-outfile1",
            "provided-by": "User"
          },
          {
            "id": "stage4-outfile4",
            "provided-by": "User"
          },
          {
            "id": "stage8-infile3",
            "provided-by": "User"
          },
          {
            "id": "stage4-infile2",
            "provided-by": "User"
          }
        ]
      },
      "outputs": {
        "files": [
          {
            "id": "stage8-outfile1",
            "report": false
          },
          {
            "id": "stage8-rep1",
            "report": true
          },
          {
            "id": "stage8-rep2",
            "report": true
          }
        ]
      },
      "flow-control": [
        {
          "id": "stage8-flow1",
          "condition": "Error",
          "route-to": "stage4-place-and-route",
          "description": "Error message dues to DRC fails. Refine until out1 in Stage 8 resolved."
        },
        {
          "id": "stage8-flow2",
          "condition": "Error",
          "route-to": "stage4-place-and-route",
          "description": "Error message dues to LVS fails. Refine until out2 in Stage 8 resolved."
        }
      ]
    }
  ]
}
